{
  "scaling_method": "zscore",
  "feature_range": [
    0.0,
    1.0
  ],
  "is_fitted": true,
  "mean": [
    2.4636585749249207e-07,
    2.036492077195362e-07,
    7.152557657263969e-08,
    -1.2592474377015606e-05,
    -7.947286384535346e-09,
    9.953976132237585e-07,
    -6.159146437312302e-07,
    -1.5926361811580136e-05,
    -5.284945018502185e-06,
    2.5431316430513107e-07,
    -1.4702479234074417e-07,
    -2.3444493990609772e-07,
    -1.6103188045235584e-06,
    3.5365422945687897e-07,
    2.3841858265427618e-08,
    7.947286384535346e-09,
    1.5934308521536877e-06,
    4.967053541804489e-07,
    1.4305115314527939e-07,
    -2.006689783229376e-06,
    -3.9140383023550385e-07,
    -2.3841858265427618e-08,
    -3.774960930513771e-07,
    1.3907750826547272e-06,
    7.947286384535346e-09,
    -4.7683716530855236e-08,
    -6.039937261448358e-07,
    2.201398274337407e-06,
    -3.1789145538141383e-08,
    -8.742014756535355e-08,
    2.781550101360608e-08,
    -2.146760607502074e-06,
    -7.947286206899662e-08,
    -1.1920929132713809e-08,
    2.2848446690204582e-08,
    4.5299529460862686e-07,
    -1.5894572769070692e-08,
    -3.5762788286319847e-08,
    -3.3775965135873776e-08,
    2.5689600988698658e-06,
    0.0,
    0.0,
    -7.549921576810448e-08,
    1.2082358580300934e-06,
    -2.3841858265427618e-08,
    -1.1920929132713809e-08,
    1.4305115314527939e-07,
    -5.324681637830508e-07,
    3.973643192267673e-09,
    2.1855036891338386e-08,
    -1.1920929132713809e-08,
    7.212162245195941e-07,
    -3.973643192267673e-09,
    0.0,
    1.3907749973895989e-07,
    7.023414241302817e-07,
    4.5696893380409165e-08,
    0.0,
    -7.466102402986508e-08,
    7.947286206899662e-08,
    -1.0927518445669193e-08,
    1.5894572769070692e-08,
    5.563100202721216e-08,
    -9.338061346397808e-08,
    -3.5762788286319847e-08,
    0.0,
    3.1789145538141383e-08,
    3.099441414633475e-07,
    3.973643103449831e-08,
    -1.1920929132713809e-08,
    -2.3841858265427618e-08,
    7.569789772787772e-07,
    -6.357829107628277e-08,
    -1.0828177465782574e-07,
    -9.536743306171047e-08,
    -1.6748905409258441e-06,
    3.1292437085994607e-08,
    6.755193027174755e-08,
    -5.563100202721216e-08,
    6.25103723450593e-07,
    0.0,
    5.960464477539063e-08,
    -4.7683716530855236e-08,
    -6.417433269234607e-07,
    0.0,
    -3.973643192267673e-09,
    -1.6887982567936888e-08,
    -1.144409225162235e-06,
    2.3841858265427618e-08,
    -1.3659398057086491e-08,
    3.973643192267673e-09,
    -6.953875413273636e-07,
    3.973643103449831e-08,
    2.3841858265427618e-08,
    4.371007378267677e-08,
    -6.735324973305978e-07,
    1.0927518445669193e-08,
    2.781550101360608e-08,
    3.3775965135873776e-08,
    -7.311502940865466e-07,
    0.0,
    1.5894572769070692e-08,
    1.5894572769070692e-08,
    -1.4901161193847656e-07,
    4.7683716530855236e-08,
    -1.9868215517249155e-08,
    -4.371007378267677e-08,
    -6.556511067401516e-08,
    0.0,
    2.086162531611535e-08,
    3.476937493473997e-08,
    7.390975724774762e-07,
    -1.390775050680304e-08,
    3.973643192267673e-09,
    -2.3841858265427618e-08,
    -2.682209014892578e-07,
    -4.470348535789981e-09,
    7.947286384535346e-09,
    1.5894572769070692e-08,
    -5.404154421739804e-07,
    2.3841858265427618e-08,
    7.947286384535346e-09,
    -9.536743306171047e-08,
    -2.74181360282455e-07,
    -1.9868215517249155e-08,
    -7.152557657263969e-08,
    -1.033147185580674e-07,
    -9.775161515790387e-07,
    -7.947286206899662e-08,
    -6.357829107628277e-08,
    9.536743306171047e-08,
    -4.3312709863130294e-07,
    6.357829107628277e-08,
    3.1789145538141383e-08,
    4.7683716530855236e-08,
    -1.6927718888837262e-06,
    2.1855036891338386e-08,
    7.947286384535346e-09,
    4.7683716530855236e-08,
    -2.637505644997873e-07,
    1.9868215517249155e-08,
    -3.973643192267673e-09,
    4.7683716530855236e-08,
    -1.6361475445592077e-06,
    -2.3841858265427618e-08,
    0.0,
    -8.44399110633276e-08,
    -1.339117716270266e-06,
    -2.781550101360608e-08,
    -2.781550101360608e-08,
    -1.9868215517249155e-08,
    -3.496805902614142e-07,
    3.1789145538141383e-08,
    3.973643192267673e-09,
    -1.1920929132713809e-08,
    8.1062319168268e-07,
    1.887480394202612e-08,
    0.0,
    3.973643192267673e-09,
    1.569589016980899e-06,
    -2.3841858265427618e-08,
    2.9802322831784522e-09,
    4.669030673198904e-08,
    -1.7563502296980005e-06,
    1.9868215517249155e-08,
    9.934107758624577e-09,
    6.357829107628277e-08,
    -4.829217914448236e-07,
    3.1789145538141383e-08,
    2.3841858265427618e-08,
    -7.947286384535346e-09,
    -6.159146437312302e-07,
    1.1424223345102291e-08,
    -1.2169281582430358e-08,
    -3.1534829759038985e-05,
    -2.8530755571409827e-06,
    1.7722447864798596e-06,
    -1.2318292874624603e-07,
    -7.721583097008988e-05,
    -3.161032964271726e-06,
    9.139378676081833e-08,
    4.7683716530855236e-08,
    7.708867428846133e-07,
    8.84135545220488e-07,
    -2.3841858265427618e-08,
    1.9868215517249155e-08,
    8.34465012644614e-08,
    4.927317149849841e-07,
    -1.1126200405442432e-07,
    2.1457671550706436e-07,
    2.2848446690204582e-07,
    -1.3510385770132416e-06,
    7.947286384535346e-09,
    1.5894572413799324e-07,
    9.536743306171047e-08,
    -1.2715658215256553e-07,
    2.1855036891338386e-08,
    8.940697071579962e-09,
    3.1789145538141383e-08,
    4.7683716530855236e-08,
    -2.3841858265427618e-08,
    0.0,
    -2.1878879124415107e-05,
    -1.1603037819440942e-06,
    3.814697322468419e-07,
    -6.357829107628277e-08,
    -3.33309180859942e-05,
    1.986821445143505e-07,
    4.7683716530855236e-08,
    4.371007378267677e-08,
    3.4526983654359356e-05,
    5.682309733856528e-07,
    1.5437602769452496e-06,
    -1.8676122692795616e-07,
    2.7100245461042505e-06,
    8.82148754044465e-07,
    1.4583270058210474e-06,
    -3.814697322468419e-07,
    -2.2331873879011255e-06,
    -8.424123052463983e-07,
    4.7683716530855236e-08,
    7.947286206899662e-08,
    -3.973643192267673e-09,
    1.1662642691590008e-06,
    2.8212863867338456e-07,
    3.973643103449831e-08,
    2.8212863867338456e-07,
    -1.6132991049744305e-06,
    -5.781650429526053e-07,
    6.953875413273636e-07,
    -2.5828680350059585e-07,
    1.5894572769070692e-08,
    -3.496805902614142e-07,
    0.0,
    -1.9868215961338365e-09,
    1.351038605434951e-07,
    1.6887982567936888e-08,
    7.947286384535346e-09,
    -4.967053612858763e-08,
    -1.8278757352163666e-07,
    9.934107225717526e-08,
    2.3841858265427618e-08,
    -3.973643192267673e-09,
    1.5298525113394135e-07,
    1.748402951307071e-07,
    1.9868215961338365e-09,
    1.9868215961338365e-09,
    -7.947286206899662e-08,
    -3.5762786865234375e-07,
    -9.934107758624577e-09,
    -1.1920929132713809e-08,
    7.351239617037209e-08,
    1.370906801412275e-07,
    2.781550101360608e-08,
    0.0,
    -7.152557657263969e-08,
    -2.066294371161348e-07,
    0.0,
    0.0,
    -1.2715658215256553e-07,
    6.357829107628277e-08,
    2.3841858265427618e-08,
    -9.43740197101306e-09,
    -2.066294371161348e-07,
    8.593003286705425e-08,
    -4.132588742322696e-07,
    3.973643192267673e-09,
    -1.5695890454026085e-07,
    5.880991693629767e-07,
    -3.8743017682918435e-08,
    -2.3841858265427618e-08,
    6.755193027174755e-08,
    -1.5497207073167374e-07,
    9.934107758624577e-09,
    -2.9802322387695312e-08,
    -7.947286384535346e-09,
    -1.1920929132713809e-08,
    1.390775050680304e-08,
    -1.390775050680304e-08,
    3.1789145538141383e-08,
    -2.632538382840721e-07,
    3.973643103449831e-08,
    1.0927518445669193e-08,
    -4.967053990334591e-10,
    -8.742014756535355e-08,
    1.9868215517249155e-08,
    0.0,
    3.973643192267673e-09,
    1.9868215517249155e-08,
    -1.5894572769070692e-08,
    -1.390775050680304e-08,
    -3.973643103449831e-08,
    -9.536743306171047e-08,
    0.0,
